1,"Тверская область, Тверь, ул. Хромова, 6А",р-н Заволжский,блочный,2,3,2,40,27,4.5,нет,Вторичка,1750000
2,"наб. Иртыша, д. 10",р-н Заволжский,кирпичный,3,5,1,39.3,27,4.5,лоджия,Новострой,2239530
3,"Тверь, улица Скворцова-Степанова, 18",р-н Заволжский,панельный,5,5,4,91,27,9,лоджия,Вторичка,3450000
4,"Тверская область, Тверь, Тверской пр-т, 15",р-н Центральный,кирпичный,3,4,3,82,49,9.3,балкон,Вторичка,5700000
5,"ул. Ткача, д. 3",р-н Пролетарский,кирпичный,16,16,3,77.4,49,9.3,лоджия,Новострой,4303000
6,"ул. Ткача, д. 3",р-н Пролетарский,кирпичный,1,16,2,54.4,49,9.3,лоджия,Новострой,3307000
7,"ул. Псковская, д. 7",р-н Московский,кирпичный,12,16,3,75.3,43.3,11.4,лоджия,Новострой,4523000
8,"ул. Псковская, д. 7",р-н Московский,кирпичный,7,16,1,42.4,17.6,10.3,лоджия,Новострой,2635000
9,"ул. Псковская, д. 7",р-н Московский,кирпичный,9,16,1,42.4,17.7,10.3,лоджия,Новострой,2615000
10,"ул. Псковская, жилой дом",р-н Московский,кирпичный,8,16,3,75.5,38.2,15.9,лоджия,Новострой,4223000
11,"Тверская область, Тверь, ул. Хромова, 27к2",р-н Заволжский,кирпичный,1,17,1,48.5,19.6,14.9,лоджия,Вторичка,2300000
12,"Тверь, Псковская улица",р-н Московский,кирпичный,11,16,1,45.2,18.6,13.8,лоджия,Новострой,2613000
13,"Тверская область, Тверь, Пролетарская наб., 9",р-н Пролетарский,панельный,4,9,3,62.9,43.2,7.6,лоджия,Вторичка,3550000
14,"ул. Псковская, жилой дом",р-н Московский,кирпичный,9,16,2,65.1,43.2,12.3,лоджия,Новострой,3667000
15,"Тверская область, Тверь, 2-я ул. Красина, 82",р-н Заволжский,кирпичный,3,17,3,82,43,15.5,лоджия,Вторичка,5300000
16,"Тверская область, Тверь, ул. Левитана, 20",р-н Московский,панельный,1,5,3,66.1,43.4,7.6,балкон,Вторичка,3600000
17,"Тверская область, Тверь, ул. Марии Ульяновой, 42",р-н Московский,кирпичный,5,5,своб. планировка,100,43.4,10,лоджия,Вторичка,3749000
18,"Тверская область, Тверь, ул. Склизкова, 108",р-н Московский,панельный,5,17,2,71,35,15,лоджия,Вторичка,7300000
19,"Тверская область, Тверь, ул. Лидии Базановой, 20",р-н Центральный,кирпичный,5,6,3,135.9,35,15,лоджия,Вторичка,11800000
20,"Тверская область, Тверь, Кривичская ул., 6",р-н Заволжский,панельный,4,5,3,68,43,10,балкон,Вторичка,3400000
21,"Тверь, Оснабрюкская улица",р-н Пролетарский,монолитный,4,14,1,35.9,12.8,13.7,лоджия,Новострой,2595000
22,"Тверская область, Тверь, Планерная ул., 8",р-н Заволжский,кирпичный,1,12,2,66.6,34.6,13.5,лоджия,Вторичка,3862800
24,"ул. Планерная, д. 8",р-н Заволжский,кирпичный,7,12,1,44,16.4,10.5,лоджия,Новострой,2684000
25,"пер. 1-й Вагонников, д. 6",р-н Заволжский,кирпичный,9,10,2,60,32.7,10.7,лоджия,Новострой,3480000
26,"ул. Планерная, д. 8",р-н Заволжский,кирпичный,4,12,1,43.7,16.4,10.5,лоджия,Новострой,2665700
27,"Тверская область, Тверь, ул. Тургенева, 5",р-н Московский,кирпичный,3,3,3,77,50,12.7,нет,Вторичка,4900000
28,"Тверская область, Тверь, 1-й пер. Красной Слободы, 7/1",р-н Пролетарский,панельный,7,10,3,70,46,8,лоджия,Вторичка,5200000
29,"ул. Планерная, д. 8",р-н Заволжский,кирпичный,1,10,1,42.9,18.3,11.4,нет,Новострой,2488200
30,"Тверская область, Тверь, ул. Орджоникидзе, 13",р-н Московский,кирпичный,1,2,2,46.6,28.5,7.2,нет,Вторичка,2200000
31,"Тверская область, Тверь, пер. Никитина, 6",р-н Заволжский,панельный,2,5,2,45,28.5,7.2,балкон,Вторичка,2130000
32,"Тверская область, Тверь, ул. Хромова, 27к2",р-н Заволжский,кирпичный,1,17,3,88.4,51.1,17.3,лоджия,Вторичка,3300000
33,"Тверская область, Тверь, 1-я ул. Профинтерна, 6",р-н Пролетарский,деревянный,2,2,2,36.1,28.3,5,нет,Вторичка,850000
34,"Тверская область, Тверь, ул. Бебеля, 7",р-н Центральный,кирпичный,3,4,3,96.3,51.3,12.3,лоджия,Вторичка,12000000
35,"Тверь, улица Бориса Полевого, 9",р-н Пролетарский,кирпичный,2,16,2,59.7,31.7,9,лоджия,Вторичка,4580000
36,"Тверская область, Тверь, ул. Фрунзе",р-н Заволжский,кирпичный,6,10,2,41.6,31.7,9,лоджия,Новострой,4096400
37,"Тверская область, Тверь, Новочеркасская ул., 50",р-н Заволжский,панельный,14,17,1,34.8,31.7,9,лоджия,Вторичка,1980000
39,"ул. Новочеркасская, д. 55",р-н Заволжский,панельный,15,17,студия,23.3,31.7,9,балкон,Новострой,1712000
40,"Тверская область, Тверь, Медовая ул., 1Б",р-н Заволжский,панельный,3,4,1,34.6,31.7,9,лоджия,Вторичка,1963000
41,"Тверская область, Тверь, пр-т Калинина, 6",р-н Центральный,кирпичный,2,4,2,54.4,32,8.5,нет,Вторичка,3199999
42,"Тверская область, Тверь, Московский район, жилой комплекс Лесная Мелодия-3",р-н Московский,панельный,14,16,2,37,32,8.5,балкон,Новострой,2324000
43,"Тверская область, Тверь, Взлётная ул., 8",р-н Московский,кирпичный,13,16,1,42,32,9,лоджия,Вторичка,2250000
44,"Тверская область, Тверь, Петербургское ш., 38к1",р-н Заволжский,кирпичный,3,5,3,89.5,51.6,13.1,лоджия,Вторичка,5950000
45,"Тверская область, Тверь, 2-я Боровая ул., 7",р-н Пролетарский,кирпичный,2,2,2,45,32,6,балкон,Вторичка,1630000
46,"Тверская область, Тверь, ул. Склизкова, 116к6",р-н Московский,монолитный,17,17,2,72,35,15,лоджия,Вторичка,4270000
47,"Тверская область, Тверь, Георгиевская ул., 8",р-н Пролетарский,панельный,2,5,2,50.2,30.7,7.5,лоджия,Вторичка,3550000
48,"ул. Ткача, д. 3",р-н Пролетарский,кирпичный,11,16,2,61.4,28.1,13.5,лоджия,Новострой,3585731
49,"Тверская область, Тверь, Тверской пр-т, 16",р-н Центральный,кирпичный,5,5,3,80.3,28.1,13.5,лоджия,Вторичка,4800000
50,"Тверская область, Тверь, ул. Спартака, 43",р-н Центральный,кирпичный,2,4,1,29,16,7,нет,Вторичка,1600000
51,"Тверская область, Тверь, ул. Хромова, 6А",р-н Заволжский,блочный,2,3,2,40,27,4.5,нет,Вторичка,1750000
52,"наб. Иртыша, д. 10",р-н Заволжский,кирпичный,3,5,1,39.3,27,4.5,лоджия,Новострой,2239530
53,"Тверь, улица Скворцова-Степанова, 18",р-н Заволжский,панельный,5,5,4,91,27,9,лоджия,Вторичка,3450000
54,"Тверская область, Тверь, Тверской пр-т, 15",р-н Центральный,кирпичный,3,4,3,82,49,9.3,балкон,Вторичка,5700000
55,"ул. Ткача, д. 3",р-н Пролетарский,кирпичный,16,16,3,77.4,49,9.3,лоджия,Новострой,4303000
56,"ул. Ткача, д. 3",р-н Пролетарский,кирпичный,1,16,2,54.4,49,9.3,лоджия,Новострой,3307000
57,"ул. Псковская, д. 7",р-н Московский,кирпичный,12,16,3,75.3,43.3,11.4,лоджия,Новострой,4523000
58,"ул. Псковская, д. 7",р-н Московский,кирпичный,7,16,1,42.4,17.6,10.3,лоджия,Новострой,2635000
59,"ул. Псковская, д. 7",р-н Московский,кирпичный,9,16,1,42.4,17.7,10.3,лоджия,Новострой,2615000
60,"ул. Псковская, жилой дом",р-н Московский,кирпичный,8,16,3,75.5,38.2,15.9,лоджия,Новострой,4223000
61,"Тверская область, Тверь, ул. Хромова, 27к2",р-н Заволжский,кирпичный,1,17,1,48.5,19.6,14.9,лоджия,Вторичка,2300000
62,"Тверь, Псковская улица",р-н Московский,кирпичный,11,16,1,45.2,18.6,13.8,лоджия,Новострой,2613000
63,"ул. Псковская, жилой дом",р-н Московский,кирпичный,9,16,2,65.1,18.6,12.3,лоджия,Новострой,3667000
64,"Тверская область, Тверь, Пролетарская наб., 9",р-н Пролетарский,панельный,4,9,3,62.9,43.2,7.6,лоджия,Вторичка,3550000
65,"Тверская область, Тверь, 2-я ул. Красина, 82",р-н Заволжский,кирпичный,3,17,3,82,43,15.5,лоджия,Вторичка,5300000
66,"Тверская область, Тверь, ул. Левитана, 20",р-н Московский,панельный,1,5,3,66.1,43.4,7.6,балкон,Вторичка,3600000
67,"Тверская область, Тверь, ул. Марии Ульяновой, 42",р-н Московский,кирпичный,5,5,своб. планировка,100,43.4,10,лоджия,Вторичка,3749000
68,"Тверская область, Тверь, ул. Склизкова, 108",р-н Московский,панельный,5,17,2,71,35,15,лоджия,Вторичка,7300000
69,"Тверская область, Тверь, ул. Лидии Базановой, 20",р-н Центральный,кирпичный,5,6,3,135.9,35,15,лоджия,Вторичка,11800000
70,"Тверская область, Тверь, Кривичская ул., 6",р-н Заволжский,панельный,4,5,3,68,43,10,балкон,Вторичка,3400000
71,"Тверь, Оснабрюкская улица",р-н Пролетарский,монолитный,4,14,1,35.9,12.8,13.7,лоджия,Новострой,2595000
72,"Тверская область, Тверь, Планерная ул., 8",р-н Заволжский,кирпичный,1,12,2,66.6,34.6,13.5,лоджия,Вторичка,3862800
74,"ул. Планерная, д. 8",р-н Заволжский,кирпичный,7,12,1,44,16.4,10.5,лоджия,Новострой,2684000
75,"пер. 1-й Вагонников, д. 6",р-н Заволжский,кирпичный,9,10,2,60,32.7,10.7,лоджия,Новострой,3480000
76,"ул. Планерная, д. 8",р-н Заволжский,кирпичный,4,12,1,43.7,16.4,10.5,лоджия,Новострой,2665700
77,"Тверская область, Тверь, ул. Тургенева, 5",р-н Московский,кирпичный,3,3,3,77,50,12.7,нет,Вторичка,4900000
78,"Тверская область, Тверь, 1-й пер. Красной Слободы, 7/1",р-н Пролетарский,панельный,7,10,3,70,46,8,лоджия,Вторичка,5200000
79,"ул. Планерная, д. 8",р-н Заволжский,кирпичный,1,10,1,42.9,18.3,11.4,нет,Новострой,2488200
80,"Тверская область, Тверь, ул. Орджоникидзе, 13",р-н Московский,кирпичный,1,2,2,46.6,28.5,7.2,нет,Вторичка,2200000
81,"Тверская область, Тверь, пер. Никитина, 6",р-н Заволжский,панельный,2,5,2,45,28.5,7.2,балкон,Вторичка,2130000
82,"Тверская область, Тверь, ул. Хромова, 27к2",р-н Заволжский,кирпичный,1,17,3,88.4,51.1,17.3,лоджия,Вторичка,3300000
83,"Тверская область, Тверь, 1-я ул. Профинтерна, 6",р-н Пролетарский,деревянный,2,2,2,36.1,28.3,5,нет,Вторичка,850000
84,"Тверская область, Тверь, ул. Бебеля, 7",р-н Центральный,кирпичный,3,4,3,96.3,51.3,12.3,лоджия,Вторичка,12000000
85,"Тверь, улица Бориса Полевого, 9",р-н Пролетарский,кирпичный,2,16,2,59.7,31.7,9,лоджия,Вторичка,4580000
86,"Тверская область, Тверь, ул. Фрунзе",р-н Заволжский,кирпичный,6,10,2,41.6,31.7,9,лоджия,Новострой,4096400
87,"Тверская область, Тверь, Новочеркасская ул., 50",р-н Заволжский,панельный,14,17,1,34.8,31.7,9,лоджия,Вторичка,1980000
89,"ул. Новочеркасская, д. 55",р-н Заволжский,панельный,15,17,студия,23.3,31.7,9,балкон,Новострой,1712000
90,"Тверская область, Тверь, Медовая ул., 1Б",р-н Заволжский,панельный,3,4,1,34.6,31.7,9,лоджия,Вторичка,1963000
91,"Тверская область, Тверь, пр-т Калинина, 6",р-н Центральный,кирпичный,2,4,2,54.4,32,8.5,нет,Вторичка,3199999
92,"Тверская область, Тверь, Московский район, жилой комплекс Лесная Мелодия-3",р-н Московский,панельный,14,16,2,37,32,8.5,балкон,Новострой,2324000
93,"Тверская область, Тверь, Взлётная ул., 8",р-н Московский,кирпичный,13,16,1,42,32,9,лоджия,Вторичка,2250000
94,"Тверская область, Тверь, Петербургское ш., 38к1",р-н Заволжский,кирпичный,3,5,3,89.5,51.6,13.1,лоджия,Вторичка,5950000
95,"Тверская область, Тверь, 2-я Боровая ул., 7",р-н Пролетарский,кирпичный,2,2,2,45,32,6,балкон,Вторичка,1630000
96,"Тверская область, Тверь, Георгиевская ул., 8",р-н Пролетарский,панельный,2,5,2,50.2,30.7,7.5,лоджия,Вторичка,3550000
97,"Тверская область, Тверь, ул. Склизкова, 116к6",р-н Московский,монолитный,17,17,2,72,35,15,лоджия,Вторичка,4270000
98,"ул. Ткача, д. 3",р-н Пролетарский,кирпичный,11,16,2,61.4,28.1,13.5,лоджия,Новострой,3585731
99,"Тверская область, Тверь, Тверской пр-т, 16",р-н Центральный,кирпичный,5,5,3,80.3,28.1,13.5,лоджия,Вторичка,4800000
100,"Тверская область, Тверь, ул. Спартака, 43",р-н Центральный,кирпичный,2,4,1,29,16,7,нет,Вторичка,1600000
101,"Тверская область, Тверь, ул. Хромова, 6А",р-н Заволжский,блочный,2,3,2,40,27,4.5,нет,Вторичка,1750000
102,"наб. Иртыша, д. 10",р-н Заволжский,кирпичный,3,5,1,39.3,27,4.5,лоджия,Новострой,2239530
103,"Тверь, улица Скворцова-Степанова, 18",р-н Заволжский,панельный,5,5,4,91,27,9,лоджия,Вторичка,3450000
104,"Тверская область, Тверь, Тверской пр-т, 15",р-н Центральный,кирпичный,3,4,3,82,49,9.3,балкон,Вторичка,5700000
105,"ул. Ткача, д. 3",р-н Пролетарский,кирпичный,16,16,3,77.4,49,9.3,лоджия,Новострой,4303000
106,"ул. Ткача, д. 3",р-н Пролетарский,кирпичный,1,16,2,54.4,49,9.3,лоджия,Новострой,3307000
107,"ул. Псковская, д. 7",р-н Московский,кирпичный,12,16,3,75.3,43.3,11.4,лоджия,Новострой,4523000
108,"ул. Псковская, д. 7",р-н Московский,кирпичный,7,16,1,42.4,17.6,10.3,лоджия,Новострой,2635000
109,"ул. Псковская, д. 7",р-н Московский,кирпичный,9,16,1,42.4,17.7,10.3,лоджия,Новострой,2615000
110,"ул. Псковская, жилой дом",р-н Московский,кирпичный,8,16,3,75.5,38.2,15.9,лоджия,Новострой,4223000
111,"Тверская область, Тверь, ул. Хромова, 27к2",р-н Заволжский,кирпичный,1,17,1,48.5,19.6,14.9,лоджия,Вторичка,2300000
112,"Тверь, Псковская улица",р-н Московский,кирпичный,11,16,1,45.2,18.6,13.8,лоджия,Новострой,2613000
113,"ул. Псковская, жилой дом",р-н Московский,кирпичный,9,16,2,65.1,18.6,12.3,лоджия,Новострой,3667000
114,"Тверская область, Тверь, Пролетарская наб., 9",р-н Пролетарский,панельный,4,9,3,62.9,43.2,7.6,лоджия,Вторичка,3550000
115,"Тверская область, Тверь, 2-я ул. Красина, 82",р-н Заволжский,кирпичный,3,17,3,82,43,15.5,лоджия,Вторичка,5300000
116,"Тверская область, Тверь, ул. Левитана, 20",р-н Московский,панельный,1,5,3,66.1,43.4,7.6,балкон,Вторичка,3600000
117,"Тверская область, Тверь, ул. Марии Ульяновой, 42",р-н Московский,кирпичный,5,5,своб. планировка,100,43.4,10,лоджия,Вторичка,3749000
118,"Тверская область, Тверь, ул. Склизкова, 108",р-н Московский,панельный,5,17,2,71,35,15,лоджия,Вторичка,7300000
119,"Тверская область, Тверь, ул. Лидии Базановой, 20",р-н Центральный,кирпичный,5,6,3,135.9,35,15,лоджия,Вторичка,11800000
120,"Тверская область, Тверь, Кривичская ул., 6",р-н Заволжский,панельный,4,5,3,68,43,10,балкон,Вторичка,3400000
121,"Тверь, Оснабрюкская улица",р-н Пролетарский,монолитный,4,14,1,35.9,12.8,13.7,лоджия,Новострой,2595000
122,"Тверская область, Тверь, Планерная ул., 8",р-н Заволжский,кирпичный,1,12,2,66.6,34.6,13.5,лоджия,Вторичка,3862800
124,"ул. Планерная, д. 8",р-н Заволжский,кирпичный,7,12,1,44,16.4,10.5,лоджия,Новострой,2684000
125,"пер. 1-й Вагонников, д. 6",р-н Заволжский,кирпичный,9,10,2,60,32.7,10.7,лоджия,Новострой,3480000
126,"ул. Планерная, д. 8",р-н Заволжский,кирпичный,4,12,1,43.7,16.4,10.5,лоджия,Новострой,2665700
127,"Тверская область, Тверь, ул. Тургенева, 5",р-н Московский,кирпичный,3,3,3,77,50,12.7,нет,Вторичка,4900000
128,"Тверская область, Тверь, 1-й пер. Красной Слободы, 7/1",р-н Пролетарский,панельный,7,10,3,70,46,8,лоджия,Вторичка,5200000
129,"ул. Планерная, д. 8",р-н Заволжский,кирпичный,1,10,1,42.9,18.3,11.4,нет,Новострой,2488200
130,"Тверская область, Тверь, ул. Орджоникидзе, 13",р-н Московский,кирпичный,1,2,2,46.6,28.5,7.2,нет,Вторичка,2200000
131,"Тверская область, Тверь, пер. Никитина, 6",р-н Заволжский,панельный,2,5,2,45,28.5,7.2,балкон,Вторичка,2130000
132,"Тверская область, Тверь, ул. Хромова, 27к2",р-н Заволжский,кирпичный,1,17,3,88.4,51.1,17.3,лоджия,Вторичка,3300000
133,"Тверская область, Тверь, 1-я ул. Профинтерна, 6",р-н Пролетарский,деревянный,2,2,2,36.1,28.3,5,нет,Вторичка,850000
134,"Тверская область, Тверь, ул. Бебеля, 7",р-н Центральный,кирпичный,3,4,3,96.3,51.3,12.3,лоджия,Вторичка,12000000
135,"Тверь, улица Бориса Полевого, 9",р-н Пролетарский,кирпичный,2,16,2,59.7,31.7,9,лоджия,Вторичка,4580000
136,"Тверская область, Тверь, ул. Фрунзе",р-н Заволжский,кирпичный,6,10,2,41.6,31.7,9,лоджия,Новострой,4096400
137,"Тверская область, Тверь, Новочеркасская ул., 50",р-н Заволжский,панельный,14,17,1,34.8,31.7,9,лоджия,Вторичка,1980000
139,"ул. Новочеркасская, д. 55",р-н Заволжский,панельный,15,17,студия,23.3,31.7,9,балкон,Новострой,1712000
140,"Тверская область, Тверь, Медовая ул., 1Б",р-н Заволжский,панельный,3,4,1,34.6,31.7,9,лоджия,Вторичка,1963000
141,"Тверская область, Тверь, пр-т Калинина, 6",р-н Центральный,кирпичный,2,4,2,54.4,32,8.5,нет,Вторичка,3199999
142,"Тверская область, Тверь, Московский район, жилой комплекс Лесная Мелодия-3",р-н Московский,панельный,14,16,2,37,32,8.5,балкон,Новострой,2324000
143,"Тверская область, Тверь, Взлётная ул., 8",р-н Московский,кирпичный,13,16,1,42,32,9,лоджия,Вторичка,2250000
144,"Тверская область, Тверь, Петербургское ш., 38к1",р-н Заволжский,кирпичный,3,5,3,89.5,51.6,13.1,лоджия,Вторичка,5950000
145,"Тверская область, Тверь, 2-я Боровая ул., 7",р-н Пролетарский,кирпичный,2,2,2,45,32,6,балкон,Вторичка,1630000
146,"Тверская область, Тверь, Георгиевская ул., 8",р-н Пролетарский,панельный,2,5,2,50.2,30.7,7.5,лоджия,Вторичка,3550000
147,"Тверская область, Тверь, ул. Склизкова, 116к6",р-н Московский,монолитный,17,17,2,72,35,15,лоджия,Вторичка,4270000
148,"ул. Ткача, д. 3",р-н Пролетарский,кирпичный,11,16,2,61.4,28.1,13.5,лоджия,Новострой,3585731
149,"Тверская область, Тверь, Тверской пр-т, 16",р-н Центральный,кирпичный,5,5,3,80.3,28.1,13.5,лоджия,Вторичка,4800000
150,"Тверская область, Тверь, ул. Спартака, 43",р-н Центральный,кирпичный,2,4,1,29,16,7,нет,Вторичка,1600000
151,"Тверская область, Тверь, ул. Хромова, 6А",р-н Заволжский,блочный,2,3,2,40,27,4.5,нет,Вторичка,1750000
152,"наб. Иртыша, д. 10",р-н Заволжский,кирпичный,3,5,1,39.3,27,4.5,лоджия,Новострой,2239530
153,"Тверь, улица Скворцова-Степанова, 18",р-н Заволжский,панельный,5,5,4,91,27,9,лоджия,Вторичка,3450000
154,"Тверская область, Тверь, Тверской пр-т, 15",р-н Центральный,кирпичный,3,4,3,82,49,9.3,балкон,Вторичка,5700000
155,"ул. Ткача, д. 3",р-н Пролетарский,кирпичный,16,16,3,77.4,49,9.3,лоджия,Новострой,4303000
156,"ул. Ткача, д. 3",р-н Пролетарский,кирпичный,1,16,2,54.4,49,9.3,лоджия,Новострой,3307000
157,"ул. Псковская, д. 7",р-н Московский,кирпичный,12,16,3,75.3,43.3,11.4,лоджия,Новострой,4523000
158,"ул. Псковская, д. 7",р-н Московский,кирпичный,7,16,1,42.4,17.6,10.3,лоджия,Новострой,2635000
159,"ул. Псковская, д. 7",р-н Московский,кирпичный,9,16,1,42.4,17.7,10.3,лоджия,Новострой,2615000
160,"ул. Псковская, жилой дом",р-н Московский,кирпичный,8,16,3,75.5,38.2,15.9,лоджия,Новострой,4223000
161,"Тверская область, Тверь, ул. Хромова, 27к2",р-н Заволжский,кирпичный,1,17,1,48.5,19.6,14.9,лоджия,Вторичка,2300000
162,"Тверь, Псковская улица",р-н Московский,кирпичный,11,16,1,45.2,18.6,13.8,лоджия,Новострой,2613000
163,"Тверская область, Тверь, Пролетарская наб., 9",р-н Пролетарский,панельный,4,9,3,62.9,43.2,7.6,лоджия,Вторичка,3550000
164,"ул. Псковская, жилой дом",р-н Московский,кирпичный,9,16,2,65.1,43.2,12.3,лоджия,Новострой,3667000
165,"Тверская область, Тверь, 2-я ул. Красина, 82",р-н Заволжский,кирпичный,3,17,3,82,43,15.5,лоджия,Вторичка,5300000
166,"Тверская область, Тверь, ул. Левитана, 20",р-н Московский,панельный,1,5,3,66.1,43.4,7.6,балкон,Вторичка,3600000
167,"Тверская область, Тверь, ул. Марии Ульяновой, 42",р-н Московский,кирпичный,5,5,своб. планировка,100,43.4,10,лоджия,Вторичка,3749000
168,"Тверская область, Тверь, ул. Склизкова, 108",р-н Московский,панельный,5,17,2,71,35,15,лоджия,Вторичка,7300000
169,"Тверская область, Тверь, ул. Лидии Базановой, 20",р-н Центральный,кирпичный,5,6,3,135.9,35,15,лоджия,Вторичка,11800000
170,"Тверская область, Тверь, Кривичская ул., 6",р-н Заволжский,панельный,4,5,3,68,43,10,балкон,Вторичка,3400000
171,"Тверь, Оснабрюкская улица",р-н Пролетарский,монолитный,4,14,1,35.9,12.8,13.7,лоджия,Новострой,2595000
172,"Тверская область, Тверь, Планерная ул., 8",р-н Заволжский,кирпичный,1,12,2,66.6,34.6,13.5,лоджия,Вторичка,3862800
174,"ул. Планерная, д. 8",р-н Заволжский,кирпичный,7,12,1,44,16.4,10.5,лоджия,Новострой,2684000
175,"пер. 1-й Вагонников, д. 6",р-н Заволжский,кирпичный,9,10,2,60,32.7,10.7,лоджия,Новострой,3480000
176,"ул. Планерная, д. 8",р-н Заволжский,кирпичный,4,12,1,43.7,16.4,10.5,лоджия,Новострой,2665700
177,"Тверская область, Тверь, ул. Тургенева, 5",р-н Московский,кирпичный,3,3,3,77,50,12.7,нет,Вторичка,4900000
178,"Тверская область, Тверь, 1-й пер. Красной Слободы, 7/1",р-н Пролетарский,панельный,7,10,3,70,46,8,лоджия,Вторичка,5200000
179,"ул. Планерная, д. 8",р-н Заволжский,кирпичный,1,10,1,42.9,18.3,11.4,нет,Новострой,2488200
180,"Тверская область, Тверь, ул. Орджоникидзе, 13",р-н Московский,кирпичный,1,2,2,46.6,28.5,7.2,нет,Вторичка,2200000
181,"Тверская область, Тверь, пер. Никитина, 6",р-н Заволжский,панельный,2,5,2,45,28.5,7.2,балкон,Вторичка,2130000
182,"Тверская область, Тверь, ул. Хромова, 27к2",р-н Заволжский,кирпичный,1,17,3,88.4,51.1,17.3,лоджия,Вторичка,3300000
183,"Тверская область, Тверь, 1-я ул. Профинтерна, 6",р-н Пролетарский,деревянный,2,2,2,36.1,28.3,5,нет,Вторичка,850000
184,"Тверская область, Тверь, ул. Бебеля, 7",р-н Центральный,кирпичный,3,4,3,96.3,51.3,12.3,лоджия,Вторичка,12000000
185,"Тверь, улица Бориса Полевого, 9",р-н Пролетарский,кирпичный,2,16,2,59.7,31.7,9,лоджия,Вторичка,4580000
186,"Тверская область, Тверь, ул. Фрунзе",р-н Заволжский,кирпичный,6,10,2,41.6,31.7,9,лоджия,Новострой,4096400
187,"Тверская область, Тверь, Новочеркасская ул., 50",р-н Заволжский,панельный,14,17,1,34.8,31.7,9,лоджия,Вторичка,1980000
189,"ул. Новочеркасская, д. 55",р-н Заволжский,панельный,15,17,студия,23.3,31.7,9,балкон,Новострой,1712000
190,"Тверская область, Тверь, Медовая ул., 1Б",р-н Заволжский,панельный,3,4,1,34.6,31.7,9,лоджия,Вторичка,1963000
191,"Тверская область, Тверь, пр-т Калинина, 6",р-н Центральный,кирпичный,2,4,2,54.4,32,8.5,нет,Вторичка,3199999
192,"Тверская область, Тверь, Московский район, жилой комплекс Лесная Мелодия-3",р-н Московский,панельный,14,16,2,37,32,8.5,балкон,Новострой,2324000
193,"Тверская область, Тверь, Взлётная ул., 8",р-н Московский,кирпичный,13,16,1,42,32,9,лоджия,Вторичка,2250000
194,"Тверская область, Тверь, Петербургское ш., 38к1",р-н Заволжский,кирпичный,3,5,3,89.5,51.6,13.1,лоджия,Вторичка,5950000
195,"Тверская область, Тверь, 2-я Боровая ул., 7",р-н Пролетарский,кирпичный,2,2,2,45,32,6,балкон,Вторичка,1630000
196,"Тверская область, Тверь, ул. Склизкова, 116к6",р-н Московский,монолитный,17,17,2,72,35,15,лоджия,Вторичка,4270000
197,"Тверская область, Тверь, Георгиевская ул., 8",р-н Пролетарский,панельный,2,5,2,50.2,30.7,7.5,лоджия,Вторичка,3550000
198,"ул. Ткача, д. 3",р-н Пролетарский,кирпичный,11,16,2,61.4,28.1,13.5,лоджия,Новострой,3585731
199,"Тверская область, Тверь, Тверской пр-т, 16",р-н Центральный,кирпичный,5,5,3,80.3,28.1,13.5,лоджия,Вторичка,4800000
200,"Тверская область, Тверь, ул. Спартака, 43",р-н Центральный,кирпичный,2,4,1,29,16,7,нет,Вторичка,1600000
201,"Тверская область, Тверь, ул. Хромова, 6А",р-н Заволжский,блочный,2,3,2,40,27,4.5,нет,Вторичка,1750000
202,"наб. Иртыша, д. 10",р-н Заволжский,кирпичный,3,5,1,39.3,27,4.5,лоджия,Новострой,2239530
203,"Тверь, улица Скворцова-Степанова, 18",р-н Заволжский,панельный,5,5,4,91,27,9,лоджия,Вторичка,3450000
204,"Тверская область, Тверь, Тверской пр-т, 15",р-н Центральный,кирпичный,3,4,3,82,49,9.3,балкон,Вторичка,5700000
205,"ул. Ткача, д. 3",р-н Пролетарский,кирпичный,16,16,3,77.4,49,9.3,лоджия,Новострой,4303000
206,"ул. Ткача, д. 3",р-н Пролетарский,кирпичный,1,16,2,54.4,49,9.3,лоджия,Новострой,3307000
207,"ул. Псковская, д. 7",р-н Московский,кирпичный,12,16,3,75.3,43.3,11.4,лоджия,Новострой,4523000
208,"ул. Псковская, д. 7",р-н Московский,кирпичный,7,16,1,42.4,17.6,10.3,лоджия,Новострой,2635000
209,"ул. Псковская, д. 7",р-н Московский,кирпичный,9,16,1,42.4,17.7,10.3,лоджия,Новострой,2615000
210,"ул. Псковская, жилой дом",р-н Московский,кирпичный,8,16,3,75.5,38.2,15.9,лоджия,Новострой,4223000
211,"Тверская область, Тверь, ул. Хромова, 27к2",р-н Заволжский,кирпичный,1,17,1,48.5,19.6,14.9,лоджия,Вторичка,2300000
212,"Тверь, Псковская улица",р-н Московский,кирпичный,11,16,1,45.2,18.6,13.8,лоджия,Новострой,2613000
213,"ул. Псковская, жилой дом",р-н Московский,кирпичный,9,16,2,65.1,18.6,12.3,лоджия,Новострой,3667000
214,"Тверская область, Тверь, Пролетарская наб., 9",р-н Пролетарский,панельный,4,9,3,62.9,43.2,7.6,лоджия,Вторичка,3550000
215,"Тверская область, Тверь, 2-я ул. Красина, 82",р-н Заволжский,кирпичный,3,17,3,82,43,15.5,лоджия,Вторичка,5300000
216,"Тверская область, Тверь, ул. Левитана, 20",р-н Московский,панельный,1,5,3,66.1,43.4,7.6,балкон,Вторичка,3600000
217,"Тверская область, Тверь, ул. Марии Ульяновой, 42",р-н Московский,кирпичный,5,5,своб. планировка,100,43.4,10,лоджия,Вторичка,3749000
218,"Тверская область, Тверь, ул. Склизкова, 108",р-н Московский,панельный,5,17,2,71,35,15,лоджия,Вторичка,7300000
219,"Тверская область, Тверь, ул. Лидии Базановой, 20",р-н Центральный,кирпичный,5,6,3,135.9,35,15,лоджия,Вторичка,11800000
220,"Тверская область, Тверь, Кривичская ул., 6",р-н Заволжский,панельный,4,5,3,68,43,10,балкон,Вторичка,3400000
222,"Тверская область, Тверь, Планерная ул., 8",р-н Заволжский,кирпичный,1,12,2,66.6,34.6,13.5,лоджия,Вторичка,3862800
223,"Тверь, Оснабрюкская улица",р-н Пролетарский,монолитный,4,14,1,35.9,12.8,13.7,лоджия,Новострой,2595000
224,"ул. Планерная, д. 8",р-н Заволжский,кирпичный,7,12,1,44,16.4,10.5,лоджия,Новострой,2684000
225,"пер. 1-й Вагонников, д. 6",р-н Заволжский,кирпичный,9,10,2,60,32.7,10.7,лоджия,Новострой,3480000
226,"ул. Планерная, д. 8",р-н Заволжский,кирпичный,4,12,1,43.7,16.4,10.5,лоджия,Новострой,2665700
227,"Тверская область, Тверь, ул. Тургенева, 5",р-н Московский,кирпичный,3,3,3,77,50,12.7,нет,Вторичка,4900000
228,"Тверская область, Тверь, 1-й пер. Красной Слободы, 7/1",р-н Пролетарский,панельный,7,10,3,70,46,8,лоджия,Вторичка,5200000
229,"ул. Планерная, д. 8",р-н Заволжский,кирпичный,1,10,1,42.9,18.3,11.4,нет,Новострой,2488200
230,"Тверская область, Тверь, ул. Орджоникидзе, 13",р-н Московский,кирпичный,1,2,2,46.6,28.5,7.2,нет,Вторичка,2200000
231,"Тверская область, Тверь, пер. Никитина, 6",р-н Заволжский,панельный,2,5,2,45,28.5,7.2,балкон,Вторичка,2130000
232,"Тверская область, Тверь, ул. Хромова, 27к2",р-н Заволжский,кирпичный,1,17,3,88.4,51.1,17.3,лоджия,Вторичка,3300000
233,"Тверская область, Тверь, ул. Бебеля, 7",р-н Центральный,кирпичный,3,4,3,96.3,51.3,12.3,лоджия,Вторичка,12000000
234,"Тверская область, Тверь, 1-я ул. Профинтерна, 6",р-н Пролетарский,деревянный,2,2,2,36.1,28.3,5,нет,Вторичка,850000
235,"Тверская область, Тверь, ул. Фрунзе",р-н Заволжский,кирпичный,6,10,2,41.6,28.3,5,лоджия,Новострой,4096400
236,"Тверь, улица Бориса Полевого, 9",р-н Пролетарский,кирпичный,2,16,2,59.7,31.7,9,лоджия,Вторичка,4580000
237,"Тверская область, Тверь, Новочеркасская ул., 50",р-н Заволжский,панельный,14,17,1,34.8,31.7,9,лоджия,Вторичка,1980000
238,"ул. Новочеркасская, д. 55",р-н Заволжский,панельный,15,17,студия,23.3,31.7,9,балкон,Новострой,1712000
240,"Тверская область, Тверь, Медовая ул., 1Б",р-н Заволжский,панельный,3,4,1,34.6,31.7,9,лоджия,Вторичка,1963000
241,"Тверская область, Тверь, пр-т Калинина, 6",р-н Центральный,кирпичный,2,4,2,54.4,32,8.5,нет,Вторичка,3199999
242,"Тверская область, Тверь, Московский район, жилой комплекс Лесная Мелодия-3",р-н Московский,панельный,14,16,2,37,32,8.5,балкон,Новострой,2324000
243,"Тверская область, Тверь, Взлётная ул., 8",р-н Московский,кирпичный,13,16,1,42,32,9,лоджия,Вторичка,2250000
244,"Тверская область, Тверь, Петербургское ш., 38к1",р-н Заволжский,кирпичный,3,5,3,89.5,51.6,13.1,лоджия,Вторичка,5950000
245,"Тверская область, Тверь, 2-я Боровая ул., 7",р-н Пролетарский,кирпичный,2,2,2,45,32,6,балкон,Вторичка,1630000
246,"Тверская область, Тверь, Георгиевская ул., 8",р-н Пролетарский,панельный,2,5,2,50.2,30.7,7.5,лоджия,Вторичка,3550000
247,"Тверская область, Тверь, ул. Склизкова, 116к6",р-н Московский,монолитный,17,17,2,72,35,15,лоджия,Вторичка,4270000
248,"ул. Ткача, д. 3",р-н Пролетарский,кирпичный,11,16,2,61.4,28.1,13.5,лоджия,Новострой,3585731
249,"Тверская область, Тверь, Тверской пр-т, 16",р-н Центральный,кирпичный,5,5,3,80.3,28.1,13.5,лоджия,Вторичка,4800000
250,"Тверская область, Тверь, ул. Спартака, 43",р-н Центральный,кирпичный,2,4,1,29,16,7,нет,Вторичка,1600000
251,"Тверская область, Тверь, ул. Хромова, 6А",р-н Заволжский,блочный,2,3,2,40,27,4.5,нет,Вторичка,1750000
252,"наб. Иртыша, д. 10",р-н Заволжский,кирпичный,3,5,1,39.3,27,4.5,лоджия,Новострой,2239530
253,"Тверь, улица Скворцова-Степанова, 18",р-н Заволжский,панельный,5,5,4,91,27,9,лоджия,Вторичка,3450000
254,"Тверская область, Тверь, Тверской пр-т, 15",р-н Центральный,кирпичный,3,4,3,82,49,9.3,балкон,Вторичка,5700000
255,"ул. Ткача, д. 3",р-н Пролетарский,кирпичный,16,16,3,77.4,49,9.3,лоджия,Новострой,4303000
256,"ул. Ткача, д. 3",р-н Пролетарский,кирпичный,1,16,2,54.4,49,9.3,лоджия,Новострой,3307000
257,"ул. Псковская, д. 7",р-н Московский,кирпичный,12,16,3,75.3,43.3,11.4,лоджия,Новострой,4523000
258,"ул. Псковская, д. 7",р-н Московский,кирпичный,7,16,1,42.4,17.6,10.3,лоджия,Новострой,2635000
259,"ул. Псковская, д. 7",р-н Московский,кирпичный,9,16,1,42.4,17.7,10.3,лоджия,Новострой,2615000
260,"ул. Псковская, жилой дом",р-н Московский,кирпичный,8,16,3,75.5,38.2,15.9,лоджия,Новострой,4223000
261,"Тверская область, Тверь, ул. Хромова, 27к2",р-н Заволжский,кирпичный,1,17,1,48.5,19.6,14.9,лоджия,Вторичка,2300000
262,"Тверь, Псковская улица",р-н Московский,кирпичный,11,16,1,45.2,18.6,13.8,лоджия,Новострой,2613000
263,"ул. Псковская, жилой дом",р-н Московский,кирпичный,9,16,2,65.1,18.6,12.3,лоджия,Новострой,3667000
264,"Тверская область, Тверь, Пролетарская наб., 9",р-н Пролетарский,панельный,4,9,3,62.9,43.2,7.6,лоджия,Вторичка,3550000
265,"Тверская область, Тверь, 2-я ул. Красина, 82",р-н Заволжский,кирпичный,3,17,3,82,43,15.5,лоджия,Вторичка,5300000
266,"Тверская область, Тверь, ул. Левитана, 20",р-н Московский,панельный,1,5,3,66.1,43.4,7.6,балкон,Вторичка,3600000
267,"Тверская область, Тверь, ул. Марии Ульяновой, 42",р-н Московский,кирпичный,5,5,своб. планировка,100,43.4,10,лоджия,Вторичка,3749000
268,"Тверская область, Тверь, ул. Склизкова, 108",р-н Московский,панельный,5,17,2,71,35,15,лоджия,Вторичка,7300000
269,"Тверская область, Тверь, ул. Лидии Базановой, 20",р-н Центральный,кирпичный,5,6,3,135.9,35,15,лоджия,Вторичка,11800000
270,"Тверская область, Тверь, Кривичская ул., 6",р-н Заволжский,панельный,4,5,3,68,43,10,балкон,Вторичка,3400000
272,"Тверская область, Тверь, Планерная ул., 8",р-н Заволжский,кирпичный,1,12,2,66.6,34.6,13.5,лоджия,Вторичка,3862800
273,"Тверь, Оснабрюкская улица",р-н Пролетарский,монолитный,4,14,1,35.9,12.8,13.7,лоджия,Новострой,2595000
274,"ул. Планерная, д. 8",р-н Заволжский,кирпичный,7,12,1,44,16.4,10.5,лоджия,Новострой,2684000
275,"пер. 1-й Вагонников, д. 6",р-н Заволжский,кирпичный,9,10,2,60,32.7,10.7,лоджия,Новострой,3480000
276,"ул. Планерная, д. 8",р-н Заволжский,кирпичный,4,12,1,43.7,16.4,10.5,лоджия,Новострой,2665700
277,"Тверская область, Тверь, ул. Тургенева, 5",р-н Московский,кирпичный,3,3,3,77,50,12.7,нет,Вторичка,4900000
278,"Тверская область, Тверь, 1-й пер. Красной Слободы, 7/1",р-н Пролетарский,панельный,7,10,3,70,46,8,лоджия,Вторичка,5200000
279,"ул. Планерная, д. 8",р-н Заволжский,кирпичный,1,10,1,42.9,18.3,11.4,нет,Новострой,2488200
280,"Тверская область, Тверь, ул. Орджоникидзе, 13",р-н Московский,кирпичный,1,2,2,46.6,28.5,7.2,нет,Вторичка,2200000
281,"Тверская область, Тверь, пер. Никитина, 6",р-н Заволжский,панельный,2,5,2,45,28.5,7.2,балкон,Вторичка,2130000
282,"Тверская область, Тверь, ул. Хромова, 27к2",р-н Заволжский,кирпичный,1,17,3,88.4,51.1,17.3,лоджия,Вторичка,3300000
283,"Тверская область, Тверь, ул. Бебеля, 7",р-н Центральный,кирпичный,3,4,3,96.3,51.3,12.3,лоджия,Вторичка,12000000
284,"Тверская область, Тверь, 1-я ул. Профинтерна, 6",р-н Пролетарский,деревянный,2,2,2,36.1,28.3,5,нет,Вторичка,850000
285,"Тверская область, Тверь, ул. Фрунзе",р-н Заволжский,кирпичный,6,10,2,41.6,28.3,5,лоджия,Новострой,4096400
286,"Тверь, улица Бориса Полевого, 9",р-н Пролетарский,кирпичный,2,16,2,59.7,31.7,9,лоджия,Вторичка,4580000
287,"Тверская область, Тверь, Новочеркасская ул., 50",р-н Заволжский,панельный,14,17,1,34.8,31.7,9,лоджия,Вторичка,1980000
288,"ул. Новочеркасская, д. 55",р-н Заволжский,панельный,15,17,студия,23.3,31.7,9,балкон,Новострой,1712000
290,"Тверская область, Тверь, Медовая ул., 1Б",р-н Заволжский,панельный,3,4,1,34.6,31.7,9,лоджия,Вторичка,1963000
291,"Тверская область, Тверь, пр-т Калинина, 6",р-н Центральный,кирпичный,2,4,2,54.4,32,8.5,нет,Вторичка,3199999
292,"Тверская область, Тверь, Московский район, жилой комплекс Лесная Мелодия-3",р-н Московский,панельный,14,16,2,37,32,8.5,балкон,Новострой,2324000
293,"Тверская область, Тверь, Взлётная ул., 8",р-н Московский,кирпичный,13,16,1,42,32,9,лоджия,Вторичка,2250000
294,"Тверская область, Тверь, Петербургское ш., 38к1",р-н Заволжский,кирпичный,3,5,3,89.5,51.6,13.1,лоджия,Вторичка,5950000
295,"Тверская область, Тверь, 2-я Боровая ул., 7",р-н Пролетарский,кирпичный,2,2,2,45,32,6,балкон,Вторичка,1630000
296,"Тверская область, Тверь, Георгиевская ул., 8",р-н Пролетарский,панельный,2,5,2,50.2,30.7,7.5,лоджия,Вторичка,3550000
297,"Тверская область, Тверь, ул. Склизкова, 116к6",р-н Московский,монолитный,17,17,2,72,35,15,лоджия,Вторичка,4270000
298,"ул. Ткача, д. 3",р-н Пролетарский,кирпичный,11,16,2,61.4,28.1,13.5,лоджия,Новострой,3585731
299,"Тверская область, Тверь, Тверской пр-т, 16",р-н Центральный,кирпичный,5,5,3,80.3,28.1,13.5,лоджия,Вторичка,4800000
300,"Тверская область, Тверь, ул. Спартака, 43",р-н Центральный,кирпичный,2,4,1,29,16,7,нет,Вторичка,1600000
301,"Тверская область, Тверь, ул. Хромова, 6А",р-н Заволжский,блочный,2,3,2,40,27,4.5,нет,Вторичка,1750000
302,"наб. Иртыша, д. 10",р-н Заволжский,кирпичный,3,5,1,39.3,27,4.5,лоджия,Новострой,2239530
303,"Тверь, улица Скворцова-Степанова, 18",р-н Заволжский,панельный,5,5,4,91,27,9,лоджия,Вторичка,3450000
304,"Тверская область, Тверь, Тверской пр-т, 15",р-н Центральный,кирпичный,3,4,3,82,49,9.3,балкон,Вторичка,5700000
305,"ул. Ткача, д. 3",р-н Пролетарский,кирпичный,16,16,3,77.4,49,9.3,лоджия,Новострой,4303000
306,"ул. Ткача, д. 3",р-н Пролетарский,кирпичный,1,16,2,54.4,49,9.3,лоджия,Новострой,3307000
307,"ул. Псковская, д. 7",р-н Московский,кирпичный,12,16,3,75.3,43.3,11.4,лоджия,Новострой,4523000
308,"ул. Псковская, д. 7",р-н Московский,кирпичный,7,16,1,42.4,17.6,10.3,лоджия,Новострой,2635000
309,"ул. Псковская, д. 7",р-н Московский,кирпичный,9,16,1,42.4,17.7,10.3,лоджия,Новострой,2615000
310,"ул. Псковская, жилой дом",р-н Московский,кирпичный,8,16,3,75.5,38.2,15.9,лоджия,Новострой,4223000
311,"Тверская область, Тверь, ул. Хромова, 27к2",р-н Заволжский,кирпичный,1,17,1,48.5,19.6,14.9,лоджия,Вторичка,2300000
312,"Тверь, Псковская улица",р-н Московский,кирпичный,11,16,1,45.2,18.6,13.8,лоджия,Новострой,2613000
313,"Тверская область, Тверь, Пролетарская наб., 9",р-н Пролетарский,панельный,4,9,3,62.9,43.2,7.6,лоджия,Вторичка,3550000
314,"ул. Псковская, жилой дом",р-н Московский,кирпичный,9,16,2,65.1,43.2,12.3,лоджия,Новострой,3667000
315,"Тверская область, Тверь, 2-я ул. Красина, 82",р-н Заволжский,кирпичный,3,17,3,82,43,15.5,лоджия,Вторичка,5300000
316,"Тверская область, Тверь, ул. Левитана, 20",р-н Московский,панельный,1,5,3,66.1,43.4,7.6,балкон,Вторичка,3600000
317,"Тверская область, Тверь, ул. Марии Ульяновой, 42",р-н Московский,кирпичный,5,5,своб. планировка,100,43.4,10,лоджия,Вторичка,3749000
318,"Тверская область, Тверь, ул. Склизкова, 108",р-н Московский,панельный,5,17,2,71,35,15,лоджия,Вторичка,7300000
319,"Тверская область, Тверь, ул. Лидии Базановой, 20",р-н Центральный,кирпичный,5,6,3,135.9,35,15,лоджия,Вторичка,11800000
320,"Тверская область, Тверь, Кривичская ул., 6",р-н Заволжский,панельный,4,5,3,68,43,10,балкон,Вторичка,3400000
321,"Тверь, Оснабрюкская улица",р-н Пролетарский,монолитный,4,14,1,35.9,12.8,13.7,лоджия,Новострой,2595000
322,"Тверская область, Тверь, Планерная ул., 8",р-н Заволжский,кирпичный,1,12,2,66.6,34.6,13.5,лоджия,Вторичка,3862800
324,"ул. Планерная, д. 8",р-н Заволжский,кирпичный,7,12,1,44,16.4,10.5,лоджия,Новострой,2684000
325,"пер. 1-й Вагонников, д. 6",р-н Заволжский,кирпичный,9,10,2,60,32.7,10.7,лоджия,Новострой,3480000
326,"ул. Планерная, д. 8",р-н Заволжский,кирпичный,4,12,1,43.7,16.4,10.5,лоджия,Новострой,2665700
327,"Тверская область, Тверь, ул. Тургенева, 5",р-н Московский,кирпичный,3,3,3,77,50,12.7,нет,Вторичка,4900000
328,"Тверская область, Тверь, 1-й пер. Красной Слободы, 7/1",р-н Пролетарский,панельный,7,10,3,70,46,8,лоджия,Вторичка,5200000
329,"ул. Планерная, д. 8",р-н Заволжский,кирпичный,1,10,1,42.9,18.3,11.4,нет,Новострой,2488200
330,"Тверская область, Тверь, ул. Орджоникидзе, 13",р-н Московский,кирпичный,1,2,2,46.6,28.5,7.2,нет,Вторичка,2200000
331,"Тверская область, Тверь, пер. Никитина, 6",р-н Заволжский,панельный,2,5,2,45,28.5,7.2,балкон,Вторичка,2130000
332,"Тверская область, Тверь, ул. Хромова, 27к2",р-н Заволжский,кирпичный,1,17,3,88.4,51.1,17.3,лоджия,Вторичка,3300000
333,"Тверская область, Тверь, 1-я ул. Профинтерна, 6",р-н Пролетарский,деревянный,2,2,2,36.1,28.3,5,нет,Вторичка,850000
334,"Тверская область, Тверь, ул. Бебеля, 7",р-н Центральный,кирпичный,3,4,3,96.3,51.3,12.3,лоджия,Вторичка,12000000
335,"Тверь, улица Бориса Полевого, 9",р-н Пролетарский,кирпичный,2,16,2,59.7,31.7,9,лоджия,Вторичка,4580000
336,"Тверская область, Тверь, ул. Фрунзе",р-н Заволжский,кирпичный,6,10,2,41.6,31.7,9,лоджия,Новострой,4096400
337,"Тверская область, Тверь, Новочеркасская ул., 50",р-н Заволжский,панельный,14,17,1,34.8,31.7,9,лоджия,Вторичка,1980000
339,"ул. Новочеркасская, д. 55",р-н Заволжский,панельный,15,17,студия,23.3,31.7,9,балкон,Новострой,1712000
340,"Тверская область, Тверь, Медовая ул., 1Б",р-н Заволжский,панельный,3,4,1,34.6,31.7,9,лоджия,Вторичка,1963000
341,"Тверская область, Тверь, пр-т Калинина, 6",р-н Центральный,кирпичный,2,4,2,54.4,32,8.5,нет,Вторичка,3199999
342,"Тверская область, Тверь, Московский район, жилой комплекс Лесная Мелодия-3",р-н Московский,панельный,14,16,2,37,32,8.5,балкон,Новострой,2324000
343,"Тверская область, Тверь, Взлётная ул., 8",р-н Московский,кирпичный,13,16,1,42,32,9,лоджия,Вторичка,2250000
344,"Тверская область, Тверь, Петербургское ш., 38к1",р-н Заволжский,кирпичный,3,5,3,89.5,51.6,13.1,лоджия,Вторичка,5950000
345,"Тверская область, Тверь, 2-я Боровая ул., 7",р-н Пролетарский,кирпичный,2,2,2,45,32,6,балкон,Вторичка,1630000
346,"Тверская область, Тверь, ул. Склизкова, 116к6",р-н Московский,монолитный,17,17,2,72,35,15,лоджия,Вторичка,4270000
347,"Тверская область, Тверь, Георгиевская ул., 8",р-н Пролетарский,панельный,2,5,2,50.2,30.7,7.5,лоджия,Вторичка,3550000
348,"ул. Ткача, д. 3",р-н Пролетарский,кирпичный,11,16,2,61.4,28.1,13.5,лоджия,Новострой,3585731
349,"Тверская область, Тверь, Тверской пр-т, 16",р-н Центральный,кирпичный,5,5,3,80.3,28.1,13.5,лоджия,Вторичка,4800000
350,"Тверская область, Тверь, ул. Спартака, 43",р-н Центральный,кирпичный,2,4,1,29,16,7,нет,Вторичка,1600000
351,"Тверская область, Тверь, ул. Хромова, 6А",р-н Заволжский,блочный,2,3,2,40,27,4.5,нет,Вторичка,1750000
352,"наб. Иртыша, д. 10",р-н Заволжский,кирпичный,3,5,1,39.3,27,4.5,лоджия,Новострой,2239530
353,"Тверь, улица Скворцова-Степанова, 18",р-н Заволжский,панельный,5,5,4,91,27,9,лоджия,Вторичка,3450000
354,"Тверская область, Тверь, Тверской пр-т, 15",р-н Центральный,кирпичный,3,4,3,82,49,9.3,балкон,Вторичка,5700000
355,"ул. Ткача, д. 3",р-н Пролетарский,кирпичный,16,16,3,77.4,49,9.3,лоджия,Новострой,4303000
356,"ул. Ткача, д. 3",р-н Пролетарский,кирпичный,1,16,2,54.4,49,9.3,лоджия,Новострой,3307000
357,"ул. Псковская, д. 7",р-н Московский,кирпичный,12,16,3,75.3,43.3,11.4,лоджия,Новострой,4523000
358,"ул. Псковская, д. 7",р-н Московский,кирпичный,7,16,1,42.4,17.6,10.3,лоджия,Новострой,2635000
359,"ул. Псковская, д. 7",р-н Московский,кирпичный,9,16,1,42.4,17.7,10.3,лоджия,Новострой,2615000
360,"ул. Псковская, жилой дом",р-н Московский,кирпичный,8,16,3,75.5,38.2,15.9,лоджия,Новострой,4223000
361,"Тверская область, Тверь, ул. Хромова, 27к2",р-н Заволжский,кирпичный,1,17,1,48.5,19.6,14.9,лоджия,Вторичка,2300000
362,"Тверь, Псковская улица",р-н Московский,кирпичный,11,16,1,45.2,18.6,13.8,лоджия,Новострой,2613000
363,"Тверская область, Тверь, Пролетарская наб., 9",р-н Пролетарский,панельный,4,9,3,62.9,43.2,7.6,лоджия,Вторичка,3550000
364,"ул. Псковская, жилой дом",р-н Московский,кирпичный,9,16,2,65.1,43.2,12.3,лоджия,Новострой,3667000
365,"Тверская область, Тверь, 2-я ул. Красина, 82",р-н Заволжский,кирпичный,3,17,3,82,43,15.5,лоджия,Вторичка,5300000
366,"Тверская область, Тверь, ул. Левитана, 20",р-н Московский,панельный,1,5,3,66.1,43.4,7.6,балкон,Вторичка,3600000
367,"Тверская область, Тверь, ул. Марии Ульяновой, 42",р-н Московский,кирпичный,5,5,своб. планировка,100,43.4,10,лоджия,Вторичка,3749000
368,"Тверская область, Тверь, ул. Склизкова, 108",р-н Московский,панельный,5,17,2,71,35,15,лоджия,Вторичка,7300000
369,"Тверская область, Тверь, ул. Лидии Базановой, 20",р-н Центральный,кирпичный,5,6,3,135.9,35,15,лоджия,Вторичка,11800000
370,"Тверская область, Тверь, Кривичская ул., 6",р-н Заволжский,панельный,4,5,3,68,43,10,балкон,Вторичка,3400000
371,"Тверь, Оснабрюкская улица",р-н Пролетарский,монолитный,4,14,1,35.9,12.8,13.7,лоджия,Новострой,2595000
372,"Тверская область, Тверь, Планерная ул., 8",р-н Заволжский,кирпичный,1,12,2,66.6,34.6,13.5,лоджия,Вторичка,3862800
374,"ул. Планерная, д. 8",р-н Заволжский,кирпичный,7,12,1,44,16.4,10.5,лоджия,Новострой,2684000
375,"пер. 1-й Вагонников, д. 6",р-н Заволжский,кирпичный,9,10,2,60,32.7,10.7,лоджия,Новострой,3480000
376,"ул. Планерная, д. 8",р-н Заволжский,кирпичный,4,12,1,43.7,16.4,10.5,лоджия,Новострой,2665700
377,"Тверская область, Тверь, ул. Тургенева, 5",р-н Московский,кирпичный,3,3,3,77,50,12.7,нет,Вторичка,4900000
378,"Тверская область, Тверь, 1-й пер. Красной Слободы, 7/1",р-н Пролетарский,панельный,7,10,3,70,46,8,лоджия,Вторичка,5200000
379,"ул. Планерная, д. 8",р-н Заволжский,кирпичный,1,10,1,42.9,18.3,11.4,нет,Новострой,2488200
380,"Тверская область, Тверь, ул. Орджоникидзе, 13",р-н Московский,кирпичный,1,2,2,46.6,28.5,7.2,нет,Вторичка,2200000
381,"Тверская область, Тверь, пер. Никитина, 6",р-н Заволжский,панельный,2,5,2,45,28.5,7.2,балкон,Вторичка,2130000
382,"Тверская область, Тверь, ул. Хромова, 27к2",р-н Заволжский,кирпичный,1,17,3,88.4,51.1,17.3,лоджия,Вторичка,3300000
383,"Тверская область, Тверь, 1-я ул. Профинтерна, 6",р-н Пролетарский,деревянный,2,2,2,36.1,28.3,5,нет,Вторичка,850000
384,"Тверская область, Тверь, ул. Бебеля, 7",р-н Центральный,кирпичный,3,4,3,96.3,51.3,12.3,лоджия,Вторичка,12000000
385,"Тверь, улица Бориса Полевого, 9",р-н Пролетарский,кирпичный,2,16,2,59.7,31.7,9,лоджия,Вторичка,4580000
386,"Тверская область, Тверь, ул. Фрунзе",р-н Заволжский,кирпичный,6,10,2,41.6,31.7,9,лоджия,Новострой,4096400
387,"Тверская область, Тверь, Новочеркасская ул., 50",р-н Заволжский,панельный,14,17,1,34.8,31.7,9,лоджия,Вторичка,1980000
389,"ул. Новочеркасская, д. 55",р-н Заволжский,панельный,15,17,студия,23.3,31.7,9,балкон,Новострой,1712000
390,"Тверская область, Тверь, Медовая ул., 1Б",р-н Заволжский,панельный,3,4,1,34.6,31.7,9,лоджия,Вторичка,1963000
391,"Тверская область, Тверь, пр-т Калинина, 6",р-н Центральный,кирпичный,2,4,2,54.4,32,8.5,нет,Вторичка,3199999
392,"Тверская область, Тверь, Московский район, жилой комплекс Лесная Мелодия-3",р-н Московский,панельный,14,16,2,37,32,8.5,балкон,Новострой,2324000
393,"Тверская область, Тверь, Взлётная ул., 8",р-н Московский,кирпичный,13,16,1,42,32,9,лоджия,Вторичка,2250000
394,"Тверская область, Тверь, Петербургское ш., 38к1",р-н Заволжский,кирпичный,3,5,3,89.5,51.6,13.1,лоджия,Вторичка,5950000
395,"Тверская область, Тверь, 2-я Боровая ул., 7",р-н Пролетарский,кирпичный,2,2,2,45,32,6,балкон,Вторичка,1630000
396,"Тверская область, Тверь, ул. Склизкова, 116к6",р-н Московский,монолитный,17,17,2,72,35,15,лоджия,Вторичка,4270000
397,"Тверская область, Тверь, Георгиевская ул., 8",р-н Пролетарский,панельный,2,5,2,50.2,30.7,7.5,лоджия,Вторичка,3550000
398,"ул. Ткача, д. 3",р-н Пролетарский,кирпичный,11,16,2,61.4,28.1,13.5,лоджия,Новострой,3585731
399,"Тверская область, Тверь, Тверской пр-т, 16",р-н Центральный,кирпичный,5,5,3,80.3,28.1,13.5,лоджия,Вторичка,4800000
400,"Тверская область, Тверь, ул. Спартака, 43",р-н Центральный,кирпичный,2,4,1,29,16,7,нет,Вторичка,1600000
401,"Тверская область, Тверь, ул. Хромова, 6А",р-н Заволжский,блочный,2,3,2,40,27,4.5,нет,Вторичка,1750000
402,"наб. Иртыша, д. 10",р-н Заволжский,кирпичный,3,5,1,39.3,27,4.5,лоджия,Новострой,2239530
403,"Тверь, улица Скворцова-Степанова, 18",р-н Заволжский,панельный,5,5,4,91,27,9,лоджия,Вторичка,3450000
404,"Тверская область, Тверь, Тверской пр-т, 15",р-н Центральный,кирпичный,3,4,3,82,49,9.3,балкон,Вторичка,5700000
405,"ул. Ткача, д. 3",р-н Пролетарский,кирпичный,16,16,3,77.4,49,9.3,лоджия,Новострой,4303000
406,"ул. Ткача, д. 3",р-н Пролетарский,кирпичный,1,16,2,54.4,49,9.3,лоджия,Новострой,3307000
407,"ул. Псковская, д. 7",р-н Московский,кирпичный,12,16,3,75.3,43.3,11.4,лоджия,Новострой,4523000
408,"ул. Псковская, д. 7",р-н Московский,кирпичный,7,16,1,42.4,17.6,10.3,лоджия,Новострой,2635000
409,"ул. Псковская, д. 7",р-н Московский,кирпичный,9,16,1,42.4,17.7,10.3,лоджия,Новострой,2615000
410,"ул. Псковская, жилой дом",р-н Московский,кирпичный,8,16,3,75.5,38.2,15.9,лоджия,Новострой,4223000
411,"Тверская область, Тверь, ул. Хромова, 27к2",р-н Заволжский,кирпичный,1,17,1,48.5,19.6,14.9,лоджия,Вторичка,2300000
412,"Тверь, Псковская улица",р-н Московский,кирпичный,11,16,1,45.2,18.6,13.8,лоджия,Новострой,2613000
413,"ул. Псковская, жилой дом",р-н Московский,кирпичный,9,16,2,65.1,18.6,12.3,лоджия,Новострой,3667000
414,"Тверская область, Тверь, Пролетарская наб., 9",р-н Пролетарский,панельный,4,9,3,62.9,43.2,7.6,лоджия,Вторичка,3550000
415,"Тверская область, Тверь, 2-я ул. Красина, 82",р-н Заволжский,кирпичный,3,17,3,82,43,15.5,лоджия,Вторичка,5300000
416,"Тверская область, Тверь, ул. Левитана, 20",р-н Московский,панельный,1,5,3,66.1,43.4,7.6,балкон,Вторичка,3600000
417,"Тверская область, Тверь, ул. Марии Ульяновой, 42",р-н Московский,кирпичный,5,5,своб. планировка,100,43.4,10,лоджия,Вторичка,3749000
418,"Тверская область, Тверь, ул. Склизкова, 108",р-н Московский,панельный,5,17,2,71,35,15,лоджия,Вторичка,7300000
419,"Тверская область, Тверь, ул. Лидии Базановой, 20",р-н Центральный,кирпичный,5,6,3,135.9,35,15,лоджия,Вторичка,11800000
420,"Тверская область, Тверь, Кривичская ул., 6",р-н Заволжский,панельный,4,5,3,68,43,10,балкон,Вторичка,3400000
422,"Тверская область, Тверь, Планерная ул., 8",р-н Заволжский,кирпичный,1,12,2,66.6,34.6,13.5,лоджия,Вторичка,3862800
423,"Тверь, Оснабрюкская улица",р-н Пролетарский,монолитный,4,14,1,35.9,12.8,13.7,лоджия,Новострой,2595000
424,"ул. Планерная, д. 8",р-н Заволжский,кирпичный,7,12,1,44,16.4,10.5,лоджия,Новострой,2684000
425,"пер. 1-й Вагонников, д. 6",р-н Заволжский,кирпичный,9,10,2,60,32.7,10.7,лоджия,Новострой,3480000
426,"ул. Планерная, д. 8",р-н Заволжский,кирпичный,4,12,1,43.7,16.4,10.5,лоджия,Новострой,2665700
427,"Тверская область, Тверь, ул. Тургенева, 5",р-н Московский,кирпичный,3,3,3,77,50,12.7,нет,Вторичка,4900000
428,"Тверская область, Тверь, 1-й пер. Красной Слободы, 7/1",р-н Пролетарский,панельный,7,10,3,70,46,8,лоджия,Вторичка,5200000
429,"ул. Планерная, д. 8",р-н Заволжский,кирпичный,1,10,1,42.9,18.3,11.4,нет,Новострой,2488200
430,"Тверская область, Тверь, ул. Орджоникидзе, 13",р-н Московский,кирпичный,1,2,2,46.6,28.5,7.2,нет,Вторичка,2200000
431,"Тверская область, Тверь, пер. Никитина, 6",р-н Заволжский,панельный,2,5,2,45,28.5,7.2,балкон,Вторичка,2130000
432,"Тверская область, Тверь, ул. Хромова, 27к2",р-н Заволжский,кирпичный,1,17,3,88.4,51.1,17.3,лоджия,Вторичка,3300000
433,"Тверская область, Тверь, ул. Бебеля, 7",р-н Центральный,кирпичный,3,4,3,96.3,51.3,12.3,лоджия,Вторичка,12000000
434,"Тверская область, Тверь, 1-я ул. Профинтерна, 6",р-н Пролетарский,деревянный,2,2,2,36.1,28.3,5,нет,Вторичка,850000
435,"Тверская область, Тверь, ул. Фрунзе",р-н Заволжский,кирпичный,6,10,2,41.6,28.3,5,лоджия,Новострой,4096400
436,"Тверь, улица Бориса Полевого, 9",р-н Пролетарский,кирпичный,2,16,2,59.7,31.7,9,лоджия,Вторичка,4580000
437,"Тверская область, Тверь, Новочеркасская ул., 50",р-н Заволжский,панельный,14,17,1,34.8,31.7,9,лоджия,Вторичка,1980000
438,"ул. Новочеркасская, д. 55",р-н Заволжский,панельный,15,17,студия,23.3,31.7,9,балкон,Новострой,1712000
440,"Тверская область, Тверь, Медовая ул., 1Б",р-н Заволжский,панельный,3,4,1,34.6,31.7,9,лоджия,Вторичка,1963000
441,"Тверская область, Тверь, пр-т Калинина, 6",р-н Центральный,кирпичный,2,4,2,54.4,32,8.5,нет,Вторичка,3199999
442,"Тверская область, Тверь, Московский район, жилой комплекс Лесная Мелодия-3",р-н Московский,панельный,14,16,2,37,32,8.5,балкон,Новострой,2324000
443,"Тверская область, Тверь, Взлётная ул., 8",р-н Московский,кирпичный,13,16,1,42,32,9,лоджия,Вторичка,2250000
444,"Тверская область, Тверь, Петербургское ш., 38к1",р-н Заволжский,кирпичный,3,5,3,89.5,51.6,13.1,лоджия,Вторичка,5950000
445,"Тверская область, Тверь, 2-я Боровая ул., 7",р-н Пролетарский,кирпичный,2,2,2,45,32,6,балкон,Вторичка,1630000
446,"Тверская область, Тверь, Георгиевская ул., 8",р-н Пролетарский,панельный,2,5,2,50.2,30.7,7.5,лоджия,Вторичка,3550000
447,"Тверская область, Тверь, ул. Склизкова, 116к6",р-н Московский,монолитный,17,17,2,72,35,15,лоджия,Вторичка,4270000
448,"ул. Ткача, д. 3",р-н Пролетарский,кирпичный,11,16,2,61.4,28.1,13.5,лоджия,Новострой,3585731
449,"Тверская область, Тверь, Тверской пр-т, 16",р-н Центральный,кирпичный,5,5,3,80.3,28.1,13.5,лоджия,Вторичка,4800000
450,"Тверская область, Тверь, ул. Спартака, 43",р-н Центральный,кирпичный,2,4,1,29,16,7,нет,Вторичка,1600000
451,"Тверская область, Тверь, ул. Терещенко, 17",р-н Московский,кирпичный,1,5,2,40.6,24.6,5.8,лоджия,Вторичка,2400000
452,"Тверская область, Тверь, пр-т Николая Корыткова, 44",р-н Пролетарский,панельный,5,5,2,47.3,24.6,6,балкон,Вторичка,2299000
453,"Тверь, улица Скворцова-Степанова, 18",р-н Заволжский,панельный,5,5,4,91,24.6,9,лоджия,Вторичка,3450000
454,"Тверская область, Тверь, ул. Хромова, 6А",р-н Заволжский,блочный,2,3,2,40,27,4.5,нет,Вторичка,1750000
455,"ул. Ткача, д. 3",р-н Пролетарский,кирпичный,16,16,3,77.4,27,4.5,лоджия,Новострой,4303000
456,"Тверская область, Тверь, Тверской пр-т, 15",р-н Центральный,кирпичный,3,4,3,82,49,9.3,балкон,Вторичка,5700000
457,"ул. Ткача, д. 3",р-н Пролетарский,кирпичный,1,16,2,54.4,49,9.3,лоджия,Новострой,3307000
458,"наб. Иртыша, д. 10",р-н Заволжский,кирпичный,3,5,1,39.3,49,9.3,лоджия,Новострой,2239530
459,"ул. Псковская, д. 7",р-н Московский,кирпичный,12,16,3,75.3,43.3,11.4,лоджия,Новострой,4523000
460,"ул. Псковская, д. 7",р-н Московский,кирпичный,7,16,1,42.4,17.6,10.3,лоджия,Новострой,2635000
461,"ул. Псковская, д. 7",р-н Московский,кирпичный,9,16,1,42.4,17.7,10.3,лоджия,Новострой,2615000
462,"ул. Псковская, жилой дом",р-н Московский,кирпичный,8,16,3,75.5,38.2,15.9,лоджия,Новострой,4223000
463,"Тверь, Псковская улица",р-н Московский,кирпичный,11,16,1,45.2,18.6,13.8,лоджия,Новострой,2613000
464,"Тверская область, Тверь, ул. Хромова, 27к2",р-н Заволжский,кирпичный,1,17,1,48.5,19.6,14.9,лоджия,Вторичка,2300000
465,"ул. Псковская, жилой дом",р-н Московский,кирпичный,9,16,2,65.1,19.6,12.3,лоджия,Новострой,3667000
466,"Тверская область, Тверь, 2-я ул. Красина, 82",р-н Заволжский,кирпичный,3,17,3,82,43,15.5,лоджия,Вторичка,5300000
467,"Тверская область, Тверь, Пролетарская наб., 9",р-н Пролетарский,панельный,4,9,3,62.9,43.2,7.6,лоджия,Вторичка,3550000
468,"Тверская область, Тверь, ул. Марии Ульяновой, 42",р-н Московский,кирпичный,5,5,своб. планировка,100,43.2,10,лоджия,Вторичка,3749000
469,"Тверская область, Тверь, ул. Склизкова, 108",р-н Московский,панельный,5,17,2,71,35,15,лоджия,Вторичка,7300000
470,"Тверская область, Тверь, ул. Левитана, 20",р-н Московский,панельный,1,5,3,66.1,43.4,7.6,балкон,Вторичка,3600000
471,"Тверская область, Тверь, ул. Лидии Базановой, 20",р-н Центральный,кирпичный,5,6,3,135.9,43.4,7.6,лоджия,Вторичка,11800000
472,"Тверская область, Тверь, Кривичская ул., 6",р-н Заволжский,панельный,4,5,3,68,43,10,балкон,Вторичка,3400000
473,"Тверская область, Тверь, Планерная ул., 8",р-н Заволжский,кирпичный,1,12,2,66.6,34.6,13.5,лоджия,Вторичка,3862800
475,"ул. Планерная, д. 8",р-н Заволжский,кирпичный,7,12,1,44,16.4,10.5,лоджия,Новострой,2684000
476,"Тверская область, Тверь, 1-й пер. Красной Слободы, 7/1",р-н Пролетарский,панельный,7,10,3,70,46,8,лоджия,Вторичка,5200000
477,"Тверская область, Тверь, ул. Тургенева, 5",р-н Московский,кирпичный,3,3,3,77,50,12.7,нет,Вторичка,4900000
478,"Тверская область, Тверь, пер. Никитина, 6",р-н Заволжский,панельный,2,5,2,45,50,12.7,балкон,Вторичка,2130000
479,"ул. Планерная, д. 8",р-н Заволжский,кирпичный,4,12,1,43.7,16.4,10.5,лоджия,Новострой,2665700
480,"Тверская область, Тверь, ул. Хромова, 27к2",р-н Заволжский,кирпичный,1,17,3,88.4,51.1,17.3,лоджия,Вторичка,3300000
481,"пер. 1-й Вагонников, д. 6",р-н Заволжский,кирпичный,9,10,2,60,32.7,10.7,лоджия,Новострой,3480000
482,"ул. Планерная, д. 8",р-н Заволжский,кирпичный,1,10,1,42.9,18.3,11.4,нет,Новострой,2488200
483,"Тверь, Оснабрюкская улица",р-н Пролетарский,монолитный,4,14,1,35.9,12.8,13.7,лоджия,Новострой,2595000
484,"Тверская область, Тверь, ул. Орджоникидзе, 13",р-н Московский,кирпичный,1,2,2,46.6,28.5,7.2,нет,Вторичка,2200000
485,"Тверская область, Тверь, ул. Бебеля, 7",р-н Центральный,кирпичный,3,4,3,96.3,51.3,12.3,лоджия,Вторичка,12000000
486,"Тверская область, Тверь, 1-я ул. Профинтерна, 6",р-н Пролетарский,деревянный,2,2,2,36.1,28.3,5,нет,Вторичка,850000
487,"Тверская область, Тверь, ул. Фрунзе",р-н Заволжский,кирпичный,6,10,2,41.6,28.3,5,лоджия,Новострой,4096400
488,"Тверская область, Тверь, Новочеркасская ул., 50",р-н Заволжский,панельный,14,17,1,34.8,28.3,5,лоджия,Вторичка,1980000
489,"ул. Новочеркасская, д. 55",р-н Заволжский,панельный,15,17,студия,23.3,28.3,5,балкон,Новострой,1712000
490,"Тверь, улица Бориса Полевого, 9",р-н Пролетарский,кирпичный,2,16,2,59.7,31.7,9,лоджия,Вторичка,4580000
491,"Тверская область, Тверь, Медовая ул., 1Б",р-н Заволжский,панельный,3,4,1,34.6,31.7,9,лоджия,Вторичка,1963000
493,"Тверская область, Тверь, Московский район, жилой комплекс Лесная Мелодия-3",р-н Московский,панельный,14,16,2,37,31.7,9,балкон,Новострой,2324000
494,"Тверская область, Тверь, Петербургское ш., 38к1",р-н Заволжский,кирпичный,3,5,3,89.5,51.6,13.1,лоджия,Вторичка,5950000
495,"Тверская область, Тверь, Взлётная ул., 8",р-н Московский,кирпичный,13,16,1,42,51.6,9,лоджия,Вторичка,2250000
496,"Тверская область, Тверь, пр-т Калинина, 6",р-н Центральный,кирпичный,2,4,2,54.4,32,8.5,нет,Вторичка,3199999
497,"Тверская область, Тверь, 2-я Боровая ул., 7",р-н Пролетарский,кирпичный,2,2,2,45,32,6,балкон,Вторичка,1630000
498,"Тверская область, Тверь, Георгиевская ул., 8",р-н Пролетарский,панельный,2,5,2,50.2,30.7,7.5,лоджия,Вторичка,3550000
499,"Тверская область, Тверь, ул. Склизкова, 116к6",р-н Московский,монолитный,17,17,2,72,35,15,лоджия,Вторичка,4270000
500,"Тверская область, Тверь, ул. Спартака, 43",р-н Центральный,кирпичный,2,4,1,29,16,7,нет,Вторичка,1600000
501,"Тверская область, Тверь, ул. Хромова, 6А",р-н Заволжский,блочный,2,3,2,40,27,4.5,нет,Вторичка,1750000
502,"наб. Иртыша, д. 10",р-н Заволжский,кирпичный,3,5,1,39.3,27,4.5,лоджия,Новострой,2239530
503,"Тверь, улица Скворцова-Степанова, 18",р-н Заволжский,панельный,5,5,4,91,27,9,лоджия,Вторичка,3450000
504,"Тверская область, Тверь, Тверской пр-т, 15",р-н Центральный,кирпичный,3,4,3,82,49,9.3,балкон,Вторичка,5700000
505,"ул. Ткача, д. 3",р-н Пролетарский,кирпичный,16,16,3,77.4,49,9.3,лоджия,Новострой,4303000
506,"ул. Ткача, д. 3",р-н Пролетарский,кирпичный,1,16,2,54.4,49,9.3,лоджия,Новострой,3307000
507,"ул. Псковская, д. 7",р-н Московский,кирпичный,12,16,3,75.3,43.3,11.4,лоджия,Новострой,4523000
508,"ул. Псковская, д. 7",р-н Московский,кирпичный,7,16,1,42.4,17.6,10.3,лоджия,Новострой,2635000
509,"ул. Псковская, д. 7",р-н Московский,кирпичный,9,16,1,42.4,17.7,10.3,лоджия,Новострой,2615000
510,"ул. Псковская, жилой дом",р-н Московский,кирпичный,8,16,3,75.5,38.2,15.9,лоджия,Новострой,4223000
511,"Тверская область, Тверь, ул. Хромова, 27к2",р-н Заволжский,кирпичный,1,17,1,48.5,19.6,14.9,лоджия,Вторичка,2300000
512,"Тверь, Псковская улица",р-н Московский,кирпичный,11,16,1,45.2,18.6,13.8,лоджия,Новострой,2613000
513,"ул. Псковская, жилой дом",р-н Московский,кирпичный,9,16,2,65.1,18.6,12.3,лоджия,Новострой,3667000
514,"Тверская область, Тверь, Пролетарская наб., 9",р-н Пролетарский,панельный,4,9,3,62.9,43.2,7.6,лоджия,Вторичка,3550000
515,"Тверская область, Тверь, 2-я ул. Красина, 82",р-н Заволжский,кирпичный,3,17,3,82,43,15.5,лоджия,Вторичка,5300000
516,"Тверская область, Тверь, ул. Левитана, 20",р-н Московский,панельный,1,5,3,66.1,43.4,7.6,балкон,Вторичка,3600000
517,"Тверская область, Тверь, ул. Марии Ульяновой, 42",р-н Московский,кирпичный,5,5,своб. планировка,100,43.4,10,лоджия,Вторичка,3749000
518,"Тверская область, Тверь, ул. Склизкова, 108",р-н Московский,панельный,5,17,2,71,35,15,лоджия,Вторичка,7300000
519,"Тверская область, Тверь, ул. Лидии Базановой, 20",р-н Центральный,кирпичный,5,6,3,135.9,35,15,лоджия,Вторичка,11800000
520,"Тверская область, Тверь, Кривичская ул., 6",р-н Заволжский,панельный,4,5,3,68,43,10,балкон,Вторичка,3400000
522,"Тверская область, Тверь, Планерная ул., 8",р-н Заволжский,кирпичный,1,12,2,66.6,34.6,13.5,лоджия,Вторичка,3862800
523,"Тверь, Оснабрюкская улица",р-н Пролетарский,монолитный,4,14,1,35.9,12.8,13.7,лоджия,Новострой,2595000
524,"ул. Планерная, д. 8",р-н Заволжский,кирпичный,7,12,1,44,16.4,10.5,лоджия,Новострой,2684000
525,"пер. 1-й Вагонников, д. 6",р-н Заволжский,кирпичный,9,10,2,60,32.7,10.7,лоджия,Новострой,3480000
526,"ул. Планерная, д. 8",р-н Заволжский,кирпичный,4,12,1,43.7,16.4,10.5,лоджия,Новострой,2665700
527,"Тверская область, Тверь, ул. Тургенева, 5",р-н Московский,кирпичный,3,3,3,77,50,12.7,нет,Вторичка,4900000
528,"Тверская область, Тверь, 1-й пер. Красной Слободы, 7/1",р-н Пролетарский,панельный,7,10,3,70,46,8,лоджия,Вторичка,5200000
529,"ул. Планерная, д. 8",р-н Заволжский,кирпичный,1,10,1,42.9,18.3,11.4,нет,Новострой,2488200
530,"Тверская область, Тверь, ул. Орджоникидзе, 13",р-н Московский,кирпичный,1,2,2,46.6,28.5,7.2,нет,Вторичка,2200000
531,"Тверская область, Тверь, пер. Никитина, 6",р-н Заволжский,панельный,2,5,2,45,28.5,7.2,балкон,Вторичка,2130000
532,"Тверская область, Тверь, ул. Хромова, 27к2",р-н Заволжский,кирпичный,1,17,3,88.4,51.1,17.3,лоджия,Вторичка,3300000
533,"Тверская область, Тверь, ул. Бебеля, 7",р-н Центральный,кирпичный,3,4,3,96.3,51.3,12.3,лоджия,Вторичка,12000000
534,"Тверская область, Тверь, 1-я ул. Профинтерна, 6",р-н Пролетарский,деревянный,2,2,2,36.1,28.3,5,нет,Вторичка,850000
535,"Тверская область, Тверь, ул. Фрунзе",р-н Заволжский,кирпичный,6,10,2,41.6,28.3,5,лоджия,Новострой,4096400
536,"Тверь, улица Бориса Полевого, 9",р-н Пролетарский,кирпичный,2,16,2,59.7,31.7,9,лоджия,Вторичка,4580000
537,"Тверская область, Тверь, Новочеркасская ул., 50",р-н Заволжский,панельный,14,17,1,34.8,31.7,9,лоджия,Вторичка,1980000
538,"ул. Новочеркасская, д. 55",р-н Заволжский,панельный,15,17,студия,23.3,31.7,9,балкон,Новострой,1712000
540,"Тверская область, Тверь, Медовая ул., 1Б",р-н Заволжский,панельный,3,4,1,34.6,31.7,9,лоджия,Вторичка,1963000
541,"Тверская область, Тверь, пр-т Калинина, 6",р-н Центральный,кирпичный,2,4,2,54.4,32,8.5,нет,Вторичка,3199999
542,"Тверская область, Тверь, Московский район, жилой комплекс Лесная Мелодия-3",р-н Московский,панельный,14,16,2,37,32,8.5,балкон,Новострой,2324000
543,"Тверская область, Тверь, Взлётная ул., 8",р-н Московский,кирпичный,13,16,1,42,32,9,лоджия,Вторичка,2250000
544,"Тверская область, Тверь, Петербургское ш., 38к1",р-н Заволжский,кирпичный,3,5,3,89.5,51.6,13.1,лоджия,Вторичка,5950000
545,"Тверская область, Тверь, 2-я Боровая ул., 7",р-н Пролетарский,кирпичный,2,2,2,45,32,6,балкон,Вторичка,1630000
546,"Тверская область, Тверь, Георгиевская ул., 8",р-н Пролетарский,панельный,2,5,2,50.2,30.7,7.5,лоджия,Вторичка,3550000
547,"Тверская область, Тверь, ул. Склизкова, 116к6",р-н Московский,монолитный,17,17,2,72,35,15,лоджия,Вторичка,4270000
548,"ул. Ткача, д. 3",р-н Пролетарский,кирпичный,11,16,2,61.4,28.1,13.5,лоджия,Новострой,3585731
549,"Тверская область, Тверь, Тверской пр-т, 16",р-н Центральный,кирпичный,5,5,3,80.3,28.1,13.5,лоджия,Вторичка,4800000
550,"Тверская область, Тверь, ул. Спартака, 43",р-н Центральный,кирпичный,2,4,1,29,16,7,нет,Вторичка,1600000
551,"Тверская область, Тверь, ул. Хромова, 6А",р-н Заволжский,блочный,2,3,2,40,27,4.5,нет,Вторичка,1750000
552,"наб. Иртыша, д. 10",р-н Заволжский,кирпичный,3,5,1,39.3,27,4.5,лоджия,Новострой,2239530
553,"Тверь, улица Скворцова-Степанова, 18",р-н Заволжский,панельный,5,5,4,91,27,9,лоджия,Вторичка,3450000
554,"Тверская область, Тверь, Тверской пр-т, 15",р-н Центральный,кирпичный,3,4,3,82,49,9.3,балкон,Вторичка,5700000
555,"ул. Ткача, д. 3",р-н Пролетарский,кирпичный,16,16,3,77.4,49,9.3,лоджия,Новострой,4303000
556,"ул. Ткача, д. 3",р-н Пролетарский,кирпичный,1,16,2,54.4,49,9.3,лоджия,Новострой,3307000
557,"ул. Псковская, д. 7",р-н Московский,кирпичный,12,16,3,75.3,43.3,11.4,лоджия,Новострой,4523000
558,"ул. Псковская, д. 7",р-н Московский,кирпичный,7,16,1,42.4,17.6,10.3,лоджия,Новострой,2635000
559,"ул. Псковская, д. 7",р-н Московский,кирпичный,9,16,1,42.4,17.7,10.3,лоджия,Новострой,2615000
560,"ул. Псковская, жилой дом",р-н Московский,кирпичный,8,16,3,75.5,38.2,15.9,лоджия,Новострой,4223000
561,"Тверская область, Тверь, ул. Хромова, 27к2",р-н Заволжский,кирпичный,1,17,1,48.5,19.6,14.9,лоджия,Вторичка,2300000
562,"Тверь, Псковская улица",р-н Московский,кирпичный,11,16,1,45.2,18.6,13.8,лоджия,Новострой,2613000
563,"ул. Псковская, жилой дом",р-н Московский,кирпичный,9,16,2,65.1,18.6,12.3,лоджия,Новострой,3667000
564,"Тверская область, Тверь, Пролетарская наб., 9",р-н Пролетарский,панельный,4,9,3,62.9,43.2,7.6,лоджия,Вторичка,3550000
565,"Тверская область, Тверь, 2-я ул. Красина, 82",р-н Заволжский,кирпичный,3,17,3,82,43,15.5,лоджия,Вторичка,5300000
566,"Тверская область, Тверь, ул. Левитана, 20",р-н Московский,панельный,1,5,3,66.1,43.4,7.6,балкон,Вторичка,3600000
567,"Тверская область, Тверь, ул. Марии Ульяновой, 42",р-н Московский,кирпичный,5,5,своб. планировка,100,43.4,10,лоджия,Вторичка,3749000
568,"Тверская область, Тверь, ул. Склизкова, 108",р-н Московский,панельный,5,17,2,71,35,15,лоджия,Вторичка,7300000
569,"Тверская область, Тверь, ул. Лидии Базановой, 20",р-н Центральный,кирпичный,5,6,3,135.9,35,15,лоджия,Вторичка,11800000
570,"Тверская область, Тверь, Кривичская ул., 6",р-н Заволжский,панельный,4,5,3,68,43,10,балкон,Вторичка,3400000
572,"Тверская область, Тверь, Планерная ул., 8",р-н Заволжский,кирпичный,1,12,2,66.6,34.6,13.5,лоджия,Вторичка,3862800
573,"Тверь, Оснабрюкская улица",р-н Пролетарский,монолитный,4,14,1,35.9,12.8,13.7,лоджия,Новострой,2595000
574,"ул. Планерная, д. 8",р-н Заволжский,кирпичный,7,12,1,44,16.4,10.5,лоджия,Новострой,2684000
575,"пер. 1-й Вагонников, д. 6",р-н Заволжский,кирпичный,9,10,2,60,32.7,10.7,лоджия,Новострой,3480000
576,"ул. Планерная, д. 8",р-н Заволжский,кирпичный,4,12,1,43.7,16.4,10.5,лоджия,Новострой,2665700
577,"Тверская область, Тверь, ул. Тургенева, 5",р-н Московский,кирпичный,3,3,3,77,50,12.7,нет,Вторичка,4900000
578,"Тверская область, Тверь, 1-й пер. Красной Слободы, 7/1",р-н Пролетарский,панельный,7,10,3,70,46,8,лоджия,Вторичка,5200000
579,"ул. Планерная, д. 8",р-н Заволжский,кирпичный,1,10,1,42.9,18.3,11.4,нет,Новострой,2488200
580,"Тверская область, Тверь, ул. Орджоникидзе, 13",р-н Московский,кирпичный,1,2,2,46.6,28.5,7.2,нет,Вторичка,2200000
581,"Тверская область, Тверь, пер. Никитина, 6",р-н Заволжский,панельный,2,5,2,45,28.5,7.2,балкон,Вторичка,2130000
582,"Тверская область, Тверь, ул. Хромова, 27к2",р-н Заволжский,кирпичный,1,17,3,88.4,51.1,17.3,лоджия,Вторичка,3300000
583,"Тверская область, Тверь, ул. Бебеля, 7",р-н Центральный,кирпичный,3,4,3,96.3,51.3,12.3,лоджия,Вторичка,12000000
584,"Тверская область, Тверь, 1-я ул. Профинтерна, 6",р-н Пролетарский,деревянный,2,2,2,36.1,28.3,5,нет,Вторичка,850000
585,"Тверская область, Тверь, ул. Фрунзе",р-н Заволжский,кирпичный,6,10,2,41.6,28.3,5,лоджия,Новострой,4096400
586,"Тверь, улица Бориса Полевого, 9",р-н Пролетарский,кирпичный,2,16,2,59.7,31.7,9,лоджия,Вторичка,4580000
587,"Тверская область, Тверь, Новочеркасская ул., 50",р-н Заволжский,панельный,14,17,1,34.8,31.7,9,лоджия,Вторичка,1980000
588,"ул. Новочеркасская, д. 55",р-н Заволжский,панельный,15,17,студия,23.3,31.7,9,балкон,Новострой,1712000
590,"Тверская область, Тверь, Медовая ул., 1Б",р-н Заволжский,панельный,3,4,1,34.6,31.7,9,лоджия,Вторичка,1963000
591,"Тверская область, Тверь, пр-т Калинина, 6",р-н Центральный,кирпичный,2,4,2,54.4,32,8.5,нет,Вторичка,3199999
592,"Тверская область, Тверь, Московский район, жилой комплекс Лесная Мелодия-3",р-н Московский,панельный,14,16,2,37,32,8.5,балкон,Новострой,2324000
593,"Тверская область, Тверь, Взлётная ул., 8",р-н Московский,кирпичный,13,16,1,42,32,9,лоджия,Вторичка,2250000
594,"Тверская область, Тверь, Петербургское ш., 38к1",р-н Заволжский,кирпичный,3,5,3,89.5,51.6,13.1,лоджия,Вторичка,5950000
595,"Тверская область, Тверь, 2-я Боровая ул., 7",р-н Пролетарский,кирпичный,2,2,2,45,32,6,балкон,Вторичка,1630000
596,"Тверская область, Тверь, Георгиевская ул., 8",р-н Пролетарский,панельный,2,5,2,50.2,30.7,7.5,лоджия,Вторичка,3550000
597,"Тверская область, Тверь, ул. Склизкова, 116к6",р-н Московский,монолитный,17,17,2,72,35,15,лоджия,Вторичка,4270000
598,"ул. Ткача, д. 3",р-н Пролетарский,кирпичный,11,16,2,61.4,28.1,13.5,лоджия,Новострой,3585731
599,"Тверская область, Тверь, Тверской пр-т, 16",р-н Центральный,кирпичный,5,5,3,80.3,28.1,13.5,лоджия,Вторичка,4800000
600,"Тверская область, Тверь, ул. Спартака, 43",р-н Центральный,кирпичный,2,4,1,29,16,7,нет,Вторичка,1600000
601,"Тверская область, Тверь, ул. Хромова, 6А",р-н Заволжский,блочный,2,3,2,40,27,4.5,нет,Вторичка,1750000
602,"наб. Иртыша, д. 10",р-н Заволжский,кирпичный,3,5,1,39.3,27,4.5,лоджия,Новострой,2239530
603,"Тверь, улица Скворцова-Степанова, 18",р-н Заволжский,панельный,5,5,4,91,27,9,лоджия,Вторичка,3450000
604,"Тверская область, Тверь, Тверской пр-т, 15",р-н Центральный,кирпичный,3,4,3,82,49,9.3,балкон,Вторичка,5700000
605,"ул. Ткача, д. 3",р-н Пролетарский,кирпичный,16,16,3,77.4,49,9.3,лоджия,Новострой,4303000
606,"ул. Ткача, д. 3",р-н Пролетарский,кирпичный,1,16,2,54.4,49,9.3,лоджия,Новострой,3307000
607,"ул. Псковская, д. 7",р-н Московский,кирпичный,12,16,3,75.3,43.3,11.4,лоджия,Новострой,4523000
608,"ул. Псковская, д. 7",р-н Московский,кирпичный,7,16,1,42.4,17.6,10.3,лоджия,Новострой,2635000
609,"ул. Псковская, д. 7",р-н Московский,кирпичный,9,16,1,42.4,17.7,10.3,лоджия,Новострой,2615000
610,"ул. Псковская, жилой дом",р-н Московский,кирпичный,8,16,3,75.5,38.2,15.9,лоджия,Новострой,4223000
611,"Тверская область, Тверь, ул. Хромова, 27к2",р-н Заволжский,кирпичный,1,17,1,48.5,19.6,14.9,лоджия,Вторичка,2300000
612,"Тверь, Псковская улица",р-н Московский,кирпичный,11,16,1,45.2,18.6,13.8,лоджия,Новострой,2613000
613,"ул. Псковская, жилой дом",р-н Московский,кирпичный,9,16,2,65.1,18.6,12.3,лоджия,Новострой,3667000
614,"Тверская область, Тверь, Пролетарская наб., 9",р-н Пролетарский,панельный,4,9,3,62.9,43.2,7.6,лоджия,Вторичка,3550000
615,"Тверская область, Тверь, 2-я ул. Красина, 82",р-н Заволжский,кирпичный,3,17,3,82,43,15.5,лоджия,Вторичка,5300000
616,"Тверская область, Тверь, ул. Левитана, 20",р-н Московский,панельный,1,5,3,66.1,43.4,7.6,балкон,Вторичка,3600000
617,"Тверская область, Тверь, ул. Марии Ульяновой, 42",р-н Московский,кирпичный,5,5,своб. планировка,100,43.4,10,лоджия,Вторичка,3749000
618,"Тверская область, Тверь, ул. Склизкова, 108",р-н Московский,панельный,5,17,2,71,35,15,лоджия,Вторичка,7300000
619,"Тверская область, Тверь, ул. Лидии Базановой, 20",р-н Центральный,кирпичный,5,6,3,135.9,35,15,лоджия,Вторичка,11800000
620,"Тверская область, Тверь, Кривичская ул., 6",р-н Заволжский,панельный,4,5,3,68,43,10,балкон,Вторичка,3400000
621,"Тверь, Оснабрюкская улица",р-н Пролетарский,монолитный,4,14,1,35.9,12.8,13.7,лоджия,Новострой,2595000
622,"Тверская область, Тверь, Планерная ул., 8",р-н Заволжский,кирпичный,1,12,2,66.6,34.6,13.5,лоджия,Вторичка,3862800
624,"ул. Планерная, д. 8",р-н Заволжский,кирпичный,7,12,1,44,16.4,10.5,лоджия,Новострой,2684000
625,"пер. 1-й Вагонников, д. 6",р-н Заволжский,кирпичный,9,10,2,60,32.7,10.7,лоджия,Новострой,3480000
626,"ул. Планерная, д. 8",р-н Заволжский,кирпичный,4,12,1,43.7,16.4,10.5,лоджия,Новострой,2665700
627,"Тверская область, Тверь, ул. Тургенева, 5",р-н Московский,кирпичный,3,3,3,77,50,12.7,нет,Вторичка,4900000
628,"Тверская область, Тверь, 1-й пер. Красной Слободы, 7/1",р-н Пролетарский,панельный,7,10,3,70,46,8,лоджия,Вторичка,5200000
629,"ул. Планерная, д. 8",р-н Заволжский,кирпичный,1,10,1,42.9,18.3,11.4,нет,Новострой,2488200
630,"Тверская область, Тверь, ул. Орджоникидзе, 13",р-н Московский,кирпичный,1,2,2,46.6,28.5,7.2,нет,Вторичка,2200000
631,"Тверская область, Тверь, пер. Никитина, 6",р-н Заволжский,панельный,2,5,2,45,28.5,7.2,балкон,Вторичка,2130000
632,"Тверская область, Тверь, ул. Хромова, 27к2",р-н Заволжский,кирпичный,1,17,3,88.4,51.1,17.3,лоджия,Вторичка,3300000
633,"Тверская область, Тверь, 1-я ул. Профинтерна, 6",р-н Пролетарский,деревянный,2,2,2,36.1,28.3,5,нет,Вторичка,850000
634,"Тверская область, Тверь, ул. Бебеля, 7",р-н Центральный,кирпичный,3,4,3,96.3,51.3,12.3,лоджия,Вторичка,12000000
635,"Тверь, улица Бориса Полевого, 9",р-н Пролетарский,кирпичный,2,16,2,59.7,31.7,9,лоджия,Вторичка,4580000
636,"Тверская область, Тверь, ул. Фрунзе",р-н Заволжский,кирпичный,6,10,2,41.6,31.7,9,лоджия,Новострой,4096400
637,"Тверская область, Тверь, Новочеркасская ул., 50",р-н Заволжский,панельный,14,17,1,34.8,31.7,9,лоджия,Вторичка,1980000
639,"ул. Новочеркасская, д. 55",р-н Заволжский,панельный,15,17,студия,23.3,31.7,9,балкон,Новострой,1712000
640,"Тверская область, Тверь, Медовая ул., 1Б",р-н Заволжский,панельный,3,4,1,34.6,31.7,9,лоджия,Вторичка,1963000
641,"Тверская область, Тверь, пр-т Калинина, 6",р-н Центральный,кирпичный,2,4,2,54.4,32,8.5,нет,Вторичка,3199999
642,"Тверская область, Тверь, Московский район, жилой комплекс Лесная Мелодия-3",р-н Московский,панельный,14,16,2,37,32,8.5,балкон,Новострой,2324000
643,"Тверская область, Тверь, Взлётная ул., 8",р-н Московский,кирпичный,13,16,1,42,32,9,лоджия,Вторичка,2250000
644,"Тверская область, Тверь, Петербургское ш., 38к1",р-н Заволжский,кирпичный,3,5,3,89.5,51.6,13.1,лоджия,Вторичка,5950000
645,"Тверская область, Тверь, 2-я Боровая ул., 7",р-н Пролетарский,кирпичный,2,2,2,45,32,6,балкон,Вторичка,1630000
646,"Тверская область, Тверь, Георгиевская ул., 8",р-н Пролетарский,панельный,2,5,2,50.2,30.7,7.5,лоджия,Вторичка,3550000
647,"Тверская область, Тверь, ул. Склизкова, 116к6",р-н Московский,монолитный,17,17,2,72,35,15,лоджия,Вторичка,4270000
648,"ул. Ткача, д. 3",р-н Пролетарский,кирпичный,11,16,2,61.4,28.1,13.5,лоджия,Новострой,3585731
649,"Тверская область, Тверь, Тверской пр-т, 16",р-н Центральный,кирпичный,5,5,3,80.3,28.1,13.5,лоджия,Вторичка,4800000
650,"Тверская область, Тверь, ул. Спартака, 43",р-н Центральный,кирпичный,2,4,1,29,16,7,нет,Вторичка,1600000
